{"count":1,"gauges":{"GridWorld.CumulativeReward":{"count":103,"max":1,"min":0.93,"value":0.94,"weightedAverage":0.955503643}},"self":46.87312,"total":76.9168461,"children":{"AgentSendState":{"count":3657,"self":0.044073799999999996,"total":0.050082499999999995,"children":{"CollectObservations":{"count":406,"self":0.0060087,"total":0.0060087,"children":null}}},"DecideAction":{"count":3657,"self":13.192107199999999,"total":29.9412605,"children":{"CameraSensor.WriteToTensor":{"count":406,"self":16.7491536,"total":16.7491535,"children":null}}},"AgentAct":{"count":3657,"self":0.051385,"total":0.051385,"children":null}}}