{"count":1,"gauges":{"Dinosaur.CumulativeReward":{"count":316,"max":271.906525,"min":-19.2000313,"value":-11.200038,"weightedAverage":-10.9898262}},"self":698.56931839999993,"total":710.8681811,"children":{"AgentSendState":{"count":35500,"self":0.5427943,"total":0.5898114,"children":{"CollectObservations":{"count":28400,"self":0.0470171,"total":0.0470171,"children":null}}},"DecideAction":{"count":35500,"self":6.4596136,"total":8.5504667999999988,"children":{"RayPerceptionSensor.Perceive":{"count":28400,"self":2.0908531999999997,"total":2.0908531999999997,"children":null}}},"AgentAct":{"count":35500,"self":3.1565756,"total":3.1565754999999998,"children":null}}}